 	0036-0069	0037-0062	0040-0054	0046-0047	0046-0058	0044-0067	0054-0052	0058-0048	0053-0040	0044-0038	0046-0029	0055-0024	0055-0032	0062-0029	0062-0035	0068-0042	0077-0038	0075-0029	0067-0034	0070-0028	0068-0021	0063-0017	0082-0027	0084-0036	0094-0037	0089-0028	0093-0021	0083-0020	0095-0028	0043-0072	0041-0079	0033-0088	0026-0097	0046-0092	0045-0084	0093-0077	0104-0074	0112-0079	0099-0068	0050-0067	0050-0074	0051-0084	0057-0081	0058-0071	0056-0060	0061-0065	0066-0058	0060-0053	0071-0064	0042-0174	0050-0179	0050-0188	0061-0191	0054-0195	0060-0199	0063-0210	0053-0208	0044-0207	0041-0198	0040-0189	0029-0195	Average	Err
1	10630.641	5780.792	2970.342	8247.004	3437.654	4716.781	3308.006	4991.857	6138.706	3625.947	3352.449	2611.113	1594.964	1909.224	1396.942	5217.755	6870.575	8287.240	2028.879	4931.109	5095.207	5083.899	5933.320	8241.745	9270.516	2118.028	5299.805	3973.341	2583.500	2722.353	4257.358	12315.281	2919.850	10281.931	3602.279	13251.747	11625.488	9921.388	15763.454	7634.790	14412.534	9998.178	8663.562	29398.887	16408.540	7176.945	13015.592	8319.323	14579.525	6932.112	1420.873	4568.462	5836.281	6614.171	12199.570	12582.993	7220.862	4394.896	2232.161	5210.129	8331.946	7105.915	619.017
2	8581.513	5466.270	2769.426	8131.031	3591.497	3733.505	3751.388	7114.356	7311.327	3988.331	3312.739	1921.584	1816.655	2201.393	1604.694	4530.330	6233.641	7955.624	2291.594	5227.486	4639.466	4499.824	5315.320	7770.224	9941.111	2335.512	5409.204	3528.645	2532.482	2219.538	3909.175	10736.358	3492.617	9736.514	3021.885	16018.017	12244.014	11061.136	18468.976	8395.587	14476.964	9309.437	7676.341	30878.140	15994.612	7251.631	15542.289	7986.392	15412.641	6805.619	1344.609	4948.202	6296.756	6721.992	12422.313	13120.784	6685.964	4221.856	2249.781	5502.824	8549.429	7216.534	662.205
3	7261.361	6011.950	2535.638	8277.510	3278.815	4223.960	3465.793	6343.566	7258.731	3471.315	3036.349	2572.192	2238.473	1918.165	1511.863	4352.819	5852.322	7359.189	2486.987	4384.903	4052.761	3877.354	5294.282	8107.363	9969.250	2234.791	5258.254	3906.545	2759.170	2095.412	4204.499	12697.651	3464.741	10050.247	3624.895	16012.495	13925.235	12602.190	19622.663	7154.855	15920.452	10786.850	8131.294	28652.028	15386.343	7219.547	14363.620	8730.096	16517.413	6978.659	1681.221	5255.361	5636.943	6882.935	13014.803	13168.383	7498.041	4418.038	2415.457	5007.899	8937.848	7300.980	664.101
4	6511.609	6004.061	2677.121	8954.416	3327.992	3767.166	3965.978	5020.522	7635.842	4406.993	3219.119	2190.347	2038.346	2013.100	1599.435	4804.616	7198.246	7188.516	2368.384	4542.164	4108.512	3378.747	5702.688	9407.528	12430.991	2411.249	5472.056	3709.048	2658.186	1823.756	4051.183	12701.333	3199.659	9083.802	3655.926	15981.463	14389.918	15000.291	20034.487	7790.474	13945.221	10415.787	8590.454	31076.426	16251.542	7151.699	14026.744	9885.886	14291.827	6758.020	1898.178	5256.150	5429.979	6846.118	12242.173	12036.261	7197.983	4696.532	2874.880	5115.720	8480.792	7391.699	683.330
5	6764.069	6582.876	2990.854	9607.129	3418.457	4283.919	4598.178	8632.530	8306.174	4704.947	3477.890	2215.067	2353.131	2354.446	1668.072	4521.388	7072.016	7602.181	2445.700	4889.558	3788.205	3008.210	5242.475	8078.435	11543.702	2205.600	5350.559	3687.484	2627.155	1660.183	4134.547	12756.559	3247.784	8950.734	3829.229	14895.099	15740.575	15100.485	18964.691	8963.620	13097.379	10634.848	8413.995	30444.489	17437.049	7762.335	19267.905	12083.860	16097.963	6815.086	1715.934	5267.721	5620.638	7008.902	11169.747	13482.642	7368.656	4489.305	2346.557	5750.024	8618.330	7658.316	699.792
6	6803.252	6812.983	2645.826	9309.174	3514.970	4247.891	4512.973	9120.356	8585.720	5311.902	3304.324	2616.899	2282.916	1775.893	1381.952	4386.480	7091.214	6968.140	1967.605	4225.275	3609.642	3219.908	5802.356	8378.493	11323.063	2137.489	5678.757	3522.333	2617.424	1963.397	4324.681	12416.001	3294.068	10149.127	4036.982	17404.703	15981.200	14972.415	20266.171	8450.023	14678.668	12427.047	9657.883	29535.372	14646.322	7666.611	17426.004	9718.631	15861.282	6717.521	1471.364	5418.408	5537.011	7128.820	13061.088	13104.479	7288.974	4564.254	2100.409	5433.398	8136.553	7672.034	698.541
7	5819.713	5826.287	2683.695	9106.944	3588.867	3691.691	3920.220	6370.916	7630.320	4708.892	2991.380	2313.684	2459.637	2097.779	1668.072	3897.341	6567.361	6988.389	2274.238	3924.427	3715.097	3364.546	5215.915	7977.451	14083.548	2797.039	5388.165	3950.988	2892.763	1810.344	4164.790	11036.942	3202.289	10606.710	3279.078	18533.932	17088.077	16946.857	20497.329	7751.290	15411.063	10716.898	10844.442	29472.258	15602.511	7151.962	14950.588	11447.452	16220.774	7643.732	1784.046	5645.621	5802.882	6897.136	13918.397	13011.911	7431.245	4487.201	2131.177	5515.973	8913.129	7669.400	718.411
8	4975.552	6268.617	2814.921	7991.652	3868.939	3247.258	3340.615	6483.471	7063.864	4026.200	2760.485	2046.761	2110.402	2249.781	1602.591	3769.796	6076.117	7043.878	2077.004	4304.168	3240.683	2861.206	5204.606	7863.056	11655.994	2230.057	5517.814	3818.710	2626.892	1803.243	4737.557	10997.496	3184.143	10022.372	3586.500	17418.377	15789.226	16322.546	18291.466	7825.976	13156.549	11252.585	9808.833	26154.521	15944.646	6977.870	15152.555	10262.208	15952.010	7770.487	1450.326	5172.260	5798.412	7357.085	12489.372	13002.969	6921.856	3986.227	2098.305	5366.338	8582.302	7275.044	661.864
9	5825.762	5917.278	2927.213	8402.161	4116.928	3771.900	3866.835	6415.359	7430.193	4637.625	2805.454	2987.698	2434.917	2260.563	1461.897	3886.558	6436.135	7461.750	1879.770	4612.905	3520.755	3008.999	5292.704	7549.848	11086.645	2354.446	5521.758	4014.629	3004.529	2057.806	4498.772	12083.334	3066.855	10027.894	4137.703	20286.946	18012.709	18289.625	20293.258	8561.526	14262.110	12166.172	9619.226	33390.373	15338.481	7955.887	16887.424	8050.822	15906.777	7264.254	1516.860	5842.329	5437.342	6582.876	11688.603	13441.880	7721.310	4033.563	1999.688	5180.675	8841.335	7694.060	757.748
10	7422.041	6444.813	2514.337	8096.843	3637.518	3859.472	3505.503	5372.913	7114.356	3761.118	3625.947	2690.532	2193.240	2004.422	1233.895	3681.435	6322.265	7845.173	1790.094	5070.224	3719.830	3158.634	5414.726	8497.886	11422.995	2192.977	5564.887	4016.470	2969.816	2194.292	4375.961	11833.241	3116.032	10282.457	3929.950	17568.801	16184.483	17075.191	19514.053	9145.864	13417.949	10124.407	8606.233	28973.387	15112.056	6718.047	15370.301	8662.247	17055.204	7074.383	1525.801	5180.412	5652.196	7205.609	12536.972	13839.241	7608.229	4704.684	1944.200	5730.563	8178.893	7468.618	691.594
11	7201.402	6146.595	2421.243	8231.751	3954.933	4115.350	3254.621	5959.092	7275.825	3091.312	2995.062	2433.603	1895.549	1767.215	1169.202	3858.946	6187.883	7428.352	1791.409	4302.327	3574.140	3188.088	5642.992	8001.382	11648.104	2320.522	5771.588	4017.785	2955.352	2155.371	4204.236	10627.748	3397.682	9005.171	3114.717	17940.390	16852.448	16866.386	19266.064	8343.780	12113.313	10113.888	8538.647	30141.012	14286.567	7029.677	17008.131	8096.843	17093.862	7426.248	1671.754	4759.121	5323.999	6659.403	13590.726	13189.421	7229.278	4282.867	2360.232	5283.763	9438.033	7377.252	707.114
12	6601.811	6146.069	2560.884	7825.450	3727.457	3821.866	3117.347	7781.795	7182.993	2951.933	2601.909	2762.852	1822.441	1744.336	1138.434	4067.488	6333.310	8540.225	1782.468	4494.302	3145.222	3058.176	6013.528	8504.197	11235.754	2683.169	5465.481	4288.390	2924.057	1934.732	3965.978	11532.131	3431.869	10135.452	3485.779	16865.334	17033.903	18616.244	19601.624	8326.424	13381.658	10139.134	9551.640	31851.161	14222.400	8178.367	16988.408	9942.163	15384.239	9762.549	1574.189	5554.894	5673.234	6682.808	12402.852	13248.328	7574.831	4664.449	2004.422	5657.981	9041.988	7585.812	725.308
13	6735.667	6317.794	2817.814	8480.529	3623.580	3894.448	3474.734	6422.723	7338.151	3644.092	2662.394	2404.412	1756.959	1894.760	1387.211	4392.266	6480.578	8543.381	1766.426	3820.551	3172.572	2938.521	5711.629	8348.514	10806.836	2517.493	5328.732	3921.535	2965.608	1739.602	4129.025	12249.010	3302.746	8955.468	3060.280	17333.698	14717.589	16069.561	19245.026	8593.873	14984.775	10101.791	8698.275	29894.075	16190.268	7655.829	15051.308	10659.831	15664.048	8684.600	1520.278	4993.698	5403.944	6662.033	10957.523	13792.694	7046.245	4349.926	2064.907	5351.611	9007.275	7404.930	695.653
14	5820.502	6348.563	2873.303	9134.819	3433.184	3376.643	5107.567	6452.176	6737.508	3823.970	2700.263	1888.974	1760.904	1591.546	1206.019	4926.638	6445.865	8037.673	1981.280	3766.377	2769.426	2845.164	5837.596	8008.483	10500.729	2185.088	5728.722	4060.650	3159.686	1847.687	4195.295	11983.665	3320.892	9786.217	3736.924	17780.499	13617.287	13446.614	19961.905	7702.639	15605.930	10225.654	9222.391	30658.553	16719.907	7604.022	15392.654	12335.793	15428.420	7835.969	1608.902	5281.922	6050.345	6415.622	10573.837	13639.640	7242.163	4338.092	2619.528	5170.156	8922.596	7422.640	700.511
15	6162.374	6727.778	3208.074	9092.217	3694.584	3659.608	3700.896	5644.306	7493.308	3461.322	2521.963	2218.223	1726.979	1898.178	1381.163	4142.962	6516.606	8287.503	1715.145	4655.770	3392.948	2894.604	5701.110	7467.799	10142.290	2253.725	5617.746	3864.994	3237.002	1972.601	4005.425	11874.529	3346.138	9549.536	3374.276	18630.445	13706.174	13157.601	21105.861	8573.623	14852.760	9213.976	8576.253	31585.289	16552.915	7652.410	15437.887	10386.334	16639.961	9663.406	1477.413	5087.844	5434.450	6857.952	11105.843	13324.592	7207.187	4356.501	2290.016	5134.128	8463.435	7427.507	715.442
16	5573.302	6438.238	3224.642	9801.470	5139.388	3261.196	3688.273	4952.410	6757.494	3617.532	4210.285	2448.855	2045.446	1862.676	1451.641	4138.229	5884.932	7755.497	2086.471	4177.676	2830.437	3177.832	5675.601	7105.152	10176.477	2318.418	5454.173	4351.241	2673.965	1733.817	4443.547	12298.976	3129.444	8949.945	3446.596	15512.836	13705.385	16562.909	19172.970	9152.702	14101.167	9855.906	9738.881	31052.232	19556.918	7855.166	17361.311	9107.470	16589.206	9735.988	1488.458	6151.329	6153.696	7095.421	9719.157	13760.084	7097.788	4552.683	2471.208	5295.334	8848.699	7507.806	712.027
17	5918.593	6178.416	2858.576	10857.854	4635.258	3716.937	5081.796	4799.094	6991.019	3796.357	4671.286	3086.315	2230.057	2125.129	1380.900	3760.329	6799.045	8230.436	2011.259	4507.451	3444.492	3170.731	5086.529	7488.311	9566.104	2309.477	5858.897	4484.308	2795.724	1799.824	4284.182	14996.872	3610.168	9667.088	3691.691	17771.032	13273.837	14222.926	18873.963	9627.904	16261.009	10294.291	9056.715	30896.286	20249.866	8391.642	17523.569	11290.980	16438.520	8929.959	1450.063	5733.982	5627.213	6800.886	9988.447	14021.748	7794.681	4391.477	2230.846	5593.026	8756.393	7727.570	723.235
18	5325.051	6420.093	4000.428	14510.099	6447.180	2943.518	4976.078	4729.667	6822.713	3546.001	5135.706	2555.625	2518.808	1986.013	1294.643	3579.663	6128.450	6950.257	1902.912	3685.380	3101.568	2886.714	5408.941	6923.697	10136.241	2365.754	5517.814	4107.197	3048.183	1854.524	4243.420	14269.474	3393.211	9257.104	3726.142	17372.356	13330.903	12676.350	19157.717	10501.781	14035.949	11182.632	9433.563	28804.818	23675.950	9235.803	18072.405	12429.150	15459.451	8333.524	2290.279	5362.919	5580.403	6847.696	10545.699	13575.736	7451.757	4920.853	2132.755	5597.496	9077.753	7750.557	722.896
19	4825.655	6030.622	3504.714	11640.741	4897.974	3297.487	3901.548	3915.749	5848.378	3283.812	3719.041	3325.362	2114.347	1849.264	1546.313	3688.799	5696.639	6733.826	1948.933	3698.529	3619.898	3308.795	5275.611	7263.991	9842.757	2256.618	5797.886	4158.215	2771.793	1646.508	4429.609	11913.713	3308.006	9518.768	2981.650	14063.298	13568.373	15689.294	16995.508	8177.841	13789.012	10049.458	9294.447	27007.361	16092.966	6381.435	14872.746	10671.139	16142.669	8449.760	1700.156	5807.879	5480.208	6738.297	11882.155	13636.484	7058.342	4579.244	2339.719	5505.717	9231.595	7192.896	642.122
20	5219.070	6054.027	3217.541	10642.738	4949.254	3249.099	2988.750	4237.109	6301.753	2814.395	3384.533	2814.658	2249.781	1545.261	1308.318	4340.459	6053.764	6339.621	1794.828	3342.193	3400.574	3366.913	5036.037	7440.712	9601.343	2340.508	5801.305	4127.447	2661.868	1892.919	4654.719	12967.730	3322.207	9449.342	3620.950	14362.568	13957.055	14899.044	17915.407	7951.153	15204.099	10028.420	9607.129	27754.482	16391.973	7697.905	14766.240	10386.071	14816.469	9416.206	1634.411	5555.157	5523.336	6769.328	11144.764	13539.971	7549.585	4326.258	2197.185	5695.061	9197.671	7226.536	654.637
21	6800.623	6233.378	3666.708	10345.309	5094.155	3540.216	3507.344	4803.564	6558.945	2541.950	3231.216	2164.050	1813.762	1975.494	1344.083	3669.601	5909.126	6818.505	1583.919	4048.553	3029.249	3637.518	5359.764	7775.747	10281.405	2589.286	6247.053	4137.703	3101.305	2235.843	4523.229	13572.318	3432.921	9996.074	3788.730	14276.837	12598.245	13162.334	17969.054	7830.709	13577.051	10217.239	9288.136	30417.402	17660.318	7284.503	15014.228	9707.586	16000.924	8312.223	1371.959	5258.517	5738.190	6898.714	11672.824	13708.278	7825.713	4279.711	2198.763	5876.516	9457.757	7327.252	673.900
22	5673.234	6220.492	3815.028	10641.686	4506.136	3184.143	3478.942	4488.779	6675.182	3259.092	3627.262	2365.491	2008.892	1744.336	1340.401	4253.676	5653.248	6341.462	1814.288	3803.983	3590.971	3186.247	5170.945	8255.156	10615.914	2443.596	5852.322	4344.930	2658.712	1590.231	4316.265	12060.455	3472.630	9091.165	3626.736	15762.139	12932.754	11124.514	17087.288	8254.105	11001.703	9337.576	9150.072	30063.170	15985.145	6807.723	14905.355	9128.508	15424.212	8008.483	1416.139	5382.380	5721.622	6607.333	11429.569	13133.670	7908.551	4216.333	2159.316	5841.803	9639.738	7108.217	649.273
23	6535.540	7308.171	3752.702	10456.549	4993.435	3902.337	3462.374	4282.341	6630.213	3077.637	3235.424	2168.520	2118.291	1978.124	1370.381	4051.446	5769.747	7360.767	1805.084	4292.860	3604.120	3285.390	5786.578	7805.200	9792.265	2648.719	5301.383	4124.554	3000.321	1837.956	5482.575	12365.247	3779.526	9290.766	3194.925	15989.616	12577.996	10733.202	16754.357	8252.264	12672.668	10366.347	9490.629	34194.824	16586.314	7579.302	15300.349	9222.128	16378.298	8729.833	1551.836	5841.803	6067.176	7190.094	12025.215	14694.447	7008.902	4451.436	2317.892	6001.957	9241.589	7394.622	698.236
24	5483.890	6060.338	3657.504	9559.793	4449.332	3446.333	4020.940	4785.682	6795.100	3240.946	2921.691	2761.800	1939.466	1813.499	1445.856	4388.584	6222.070	6733.826	2155.634	3823.970	3071.588	3258.566	5518.603	7681.863	11439.036	2406.779	6176.575	4111.668	3119.713	1781.679	4610.275	11578.152	3315.895	8533.914	3224.116	15588.573	12465.178	11055.351	17028.906	7574.042	12661.623	9945.845	8237.800	32201.711	17748.941	8608.336	16074.032	11244.958	16531.088	8144.180	1824.807	5736.086	6406.944	7244.267	11573.944	14891.418	7106.204	4218.437	2205.863	5788.156	9299.181	7326.894	687.746
25	5815.505	5980.919	3071.588	8820.297	4350.978	3757.699	3222.012	3918.379	6291.496	2764.692	3050.813	2854.631	1815.077	1736.973	1390.893	4232.638	5915.963	6371.968	2068.325	3512.603	3510.762	3118.924	5233.534	7967.195	10899.668	2364.176	5794.730	4238.424	2686.851	1704.889	4351.767	12108.580	3959.141	10186.733	3619.898	13673.564	12428.361	10975.143	17354.737	7642.154	14430.942	10581.727	9245.533	29983.488	15133.095	6976.029	12695.810	9068.812	15282.729	8078.961	1581.026	6154.485	5863.104	6805.356	11513.985	14579.788	6938.423	4252.361	2395.734	5252.994	9027.787	7059.096	645.299
26	5253.783	5807.353	2810.714	9091.954	4011.999	3347.453	3647.774	3643.829	5739.768	2784.416	2716.304	3068.170	1998.899	2154.056	1317.785	4665.501	6299.649	6844.803	1806.136	4178.202	3347.716	3083.422	5081.270	8441.345	12195.362	2370.751	5889.928	3878.932	2702.892	1875.299	4339.144	11921.865	3933.895	10929.647	3141.541	12720.004	12210.352	10633.271	16014.073	6910.022	14814.102	11177.373	9260.523	30778.997	14109.846	6774.062	13941.276	9068.549	15165.967	7831.235	1564.722	5791.837	5856.004	6781.951	11133.981	14014.910	7251.894	4116.665	2462.530	5482.575	8567.049	7028.776	647.857
27	5039.193	5474.948	2838.063	9126.141	3909.438	2937.206	2969.816	4006.740	6384.854	3109.720	2772.845	2938.521	2130.388	1725.665	1400.623	4175.835	5907.811	7356.033	1978.387	4251.573	3363.757	3159.949	5706.632	8420.833	13648.318	2464.897	6040.615	4009.632	3082.370	1928.158	4309.691	11350.939	4176.887	10750.559	3873.410	15118.105	12004.966	10340.838	16572.639	8177.052	12679.769	10653.257	8898.402	27780.780	15166.756	7189.305	15749.779	8309.856	15778.970	7388.116	1579.186	5540.167	5958.040	7446.498	12572.211	13427.942	7377.597	4130.339	2100.409	5185.409	9526.394	7104.479	635.850
28	4464.322	5616.694	2874.880	8974.402	3857.894	3166.786	2990.065	3483.150	6715.681	3143.907	3083.422	2435.706	1811.659	1644.404	1334.879	4505.610	6632.579	7824.135	1807.714	4097.204	3283.286	3232.005	5626.950	8830.290	11965.256	2365.491	6232.063	3960.718	3122.606	1663.076	3856.842	12180.636	3851.056	10522.031	3389.529	18227.562	12560.640	11060.348	17685.038	7555.634	14218.719	11077.967	8637.001	30475.783	16209.991	7238.219	15973.574	8392.957	14535.345	6860.056	1739.076	5350.297	6186.305	6881.883	11912.661	14262.110	6862.949	4141.648	2309.477	5578.299	9791.214	7217.568	685.394
29	4579.244	5700.321	2580.870	13314.073	4240.527	3093.941	5185.672	4383.062	6470.585	3554.943	3583.344	2994.536	2110.139	1840.060	1319.626	4132.443	5927.271	7798.100	1948.670	4239.213	3522.333	3016.889	6447.706	8395.324	12058.351	2342.086	5675.075	4082.214	2859.102	1602.591	4707.577	12952.214	3893.133	11059.559	3636.729	18427.426	12721.845	10807.362	16310.449	9376.497	13948.903	11112.417	8931.274	32458.115	21288.894	8512.086	17696.083	11153.442	15487.853	6694.116	1444.804	5351.085	5961.458	6827.183	10667.984	13757.454	7924.067	4619.216	2546.157	5506.506	9247.900	7607.018	729.530
30	5102.834	6579.458	2526.960	12661.097	3807.928	3385.059	3725.090	3489.461	6228.119	3028.460	3019.782	2447.277	2089.890	2028.090	1392.734	2276.867	5565.150	4915.593	1480.569	1125.285	1665.443	3089.471	6626.794	9576.360	11172.376	2297.380	6107.937	4277.870	3010.314	1789.042	4531.382	14008.599	5081.796	12088.856	4233.690	21045.902	12451.241	10996.444	16905.569	9082.750	12746.565	13371.402	10098.109	32255.095	17378.668	7800.204	14316.021	11234.176	2159.842	7920.911	1586.549	5224.067	5935.687	6592.870	10293.765	14178.746	7548.533	4261.303	2151.690	5019.996	9419.625	7187.029	727.331
31	6922.382	11494.788	3224.642	11603.135	4311.795	5372.650	3620.687	3690.114	6772.484	3257.777	2967.186	2474.101	1791.409	1421.136	1214.960	2061.751	5407.100	6274.666	295.588	2202.444	1411.142	1681.221	5690.328	8109.203	10653.257	2214.279	6307.275	3712.467	2754.699	1880.033	4472.737	14626.598	5481.523	10578.045	4163.738	18042.162	12097.797	11315.174	17692.138	9427.251	12454.922	12359.987	10576.993	30606.747	19082.768	6159.481	3465.267	12147.500	13960.211	7802.571	1442.963	5185.409	5129.921	6888.983	8607.285	8822.138	7476.740	4434.343	2435.706	5352.926	9454.075	7090.800	695.001
32	6187.620	10503.885	3677.491	11307.547	4744.920	5591.711	3907.071	4211.863	5888.350	2908.805	2835.434	2439.914	1774.316	1805.873	1392.997	4148.222	5709.788	6537.644	2043.606	4098.519	3354.027	2959.559	5158.059	7778.377	10302.181	2531.694	5865.997	4089.578	2818.340	1713.568	4780.159	16163.970	4911.648	11967.097	3685.380	21012.504	12997.184	11421.154	17494.115	9897.983	14571.636	11838.764	10884.152	29625.574	21011.978	7967.458	16567.642	12679.243	14599.774	7164.848	1431.655	5086.529	5943.839	6546.848	10533.865	13810.313	7330.261	4490.620	2250.833	5428.664	9131.401	7729.738	724.973
33	7128.557	10242.485	4041.716	12980.616	4625.265	4821.710	4248.417	4075.903	7310.538	3705.366	3103.146	2259.511	1713.305	2020.726	1641.248	4156.374	6621.797	6701.480	2035.979	3408.201	3562.306	3683.013	5539.904	7829.920	10328.479	2141.959	6457.699	4202.659	2950.355	2080.685	4978.182	16135.832	4682.331	10918.076	3470.001	21537.146	12713.956	12288.720	18572.327	9964.253	14234.234	11522.664	10945.952	29370.222	19829.364	8011.375	15835.510	12296.083	15960.425	8046.877	1440.333	5595.392	5847.326	7110.411	10267.993	13970.730	7428.089	4651.037	2459.900	5444.969	9306.281	7876.317	719.169
34	9937.430	12072.552	4281.289	12601.927	4810.665	7239.008	4374.383	4471.686	7424.933	5416.041	4005.162	2348.398	2212.175	2067.537	1560.251	4637.099	5954.358	6514.765	2059.384	4038.823	3540.479	3606.749	5631.683	7336.310	10753.452	2428.869	6807.460	4757.806	2899.863	2738.658	6665.978	15801.586	5330.310	10912.028	3882.088	22131.477	12593.775	12705.015	18113.955	10172.269	14641.325	11021.164	11101.109	28981.540	22292.420	8146.809	16849.292	12956.159	15608.034	6848.748	1555.518	5436.290	5980.130	7361.556	10262.208	14493.005	7483.841	4547.686	2271.608	5757.387	9334.946	8192.925	721.860
35	7128.294	9086.431	3807.139	13013.225	4775.952	4634.995	3375.854	3779.789	7823.609	5127.817	6604.178	2202.970	2371.803	2025.723	1309.633	3974.393	6049.556	6866.893	1749.859	3301.431	3608.327	3381.640	5949.361	9739.144	14433.572	2896.971	6143.439	4143.751	2754.173	2078.319	6133.446	17391.291	7360.767	11740.410	3572.036	22822.847	12696.073	12463.338	16986.041	9086.431	13559.695	10650.627	11068.237	30466.842	19663.424	7579.039	15963.844	11647.841	15180.431	6776.429	1517.386	5552.790	5706.369	7033.096	10025.001	14523.774	7819.664	4665.501	2600.857	5856.793	8495.256	8044.981	728.253
36	6758.283	9196.093	3948.621	11992.869	4854.582	4882.984	3555.469	4889.032	7448.339	4551.105	5091.000	2202.970	2073.322	1898.704	1450.063	4426.979	5624.057	6832.969	1745.388	3519.967	3709.837	3841.326	6000.379	8544.170	12926.443	2463.845	6216.548	4106.408	2991.380	2371.014	5834.703	16703.602	7282.662	10615.651	3410.304	19941.919	13508.414	13421.631	17425.215	8820.034	13466.600	11119.518	10639.319	31811.977	17873.856	6693.853	16460.873	10588.827	16860.337	6416.674	1465.579	5655.614	6011.424	7521.184	10105.736	14964.263	7390.483	4742.816	2568.510	5393.425	9144.550	7933.995	720.066
37	6902.921	9305.492	4373.069	10858.643	5310.587	5134.391	4418.038	4527.437	8048.192	5355.556	5698.743	2367.069	2147.219	2043.343	1623.892	4657.611	7291.866	6651.777	1721.457	3526.015	3504.188	3595.441	5485.730	8995.441	12896.726	2550.102	6190.513	4450.121	3204.129	1941.307	5784.474	16259.957	6539.222	11120.570	3671.968	20039.747	13485.535	13127.358	17593.784	8888.409	12922.498	11303.603	10621.699	32019.993	19184.278	8480.266	15678.775	10420.521	15663.259	7117.775	1591.020	5498.353	6334.625	7467.010	10211.979	14810.946	7824.398	4573.195	2287.124	5682.438	8950.997	8031.685	712.110
38	7256.364	7837.284	4107.197	10466.279	5124.661	5067.858	3953.618	4760.436	8185.204	4338.355	7135.394	2158.001	2266.874	2064.118	1354.865	4848.008	6988.652	6214.444	1968.657	3361.653	3729.297	3198.607	5337.411	8771.383	14826.725	2584.552	5875.727	4247.891	2852.264	2135.648	5123.083	15162.022	5490.990	11650.997	3507.870	17480.703	12903.300	12731.576	17121.738	9355.984	15027.114	11733.309	10188.311	31663.920	21201.322	9228.966	16642.065	11884.259	16707.547	6670.185	1820.074	5356.082	6440.079	7585.087	10687.444	15966.210	6891.087	4887.980	2612.691	5715.837	9262.101	8060.940	725.679
39	7082.799	8413.732	5408.152	11712.534	6676.234	4791.730	4075.114	4719.148	7983.763	3969.923	4965.559	2281.075	1952.878	1973.916	1549.995	5022.888	6165.267	5627.213	1979.439	3295.909	3061.595	3592.286	5223.804	7543.274	13165.227	2492.247	6519.762	4316.791	2782.312	1834.012	4863.260	14872.746	5777.636	10504.411	3708.522	19079.086	12349.468	12825.459	17819.946	10545.436	13837.137	10209.875	10604.869	31195.029	20876.544	8185.467	16089.810	10876.789	15265.110	7215.077	1589.179	5326.891	6198.928	7355.770	10952.000	14654.211	7190.357	4920.853	2401.782	5629.843	10009.486	7919.829	711.796
40	8439.767	10380.285	4730.193	9917.180	5406.574	6242.319	3954.670	4440.654	6035.355	3381.640	4167.156	2458.586	2006.789	2054.388	1457.953	5442.339	6536.329	6143.702	1921.584	3103.672	3923.638	3482.361	5247.735	7351.300	12870.954	2428.343	6271.247	4252.624	3163.368	2415.720	5191.195	13139.192	5406.048	10727.680	3780.052	19592.420	13087.385	11104.528	18234.926	10614.073	15069.191	11334.897	9707.060	33015.892	17909.621	7902.502	14754.669	10399.746	16937.127	7130.135	1533.953	5945.680	6148.962	7257.679	10631.956	15905.725	7603.496	5003.165	2652.138	6351.455	10353.987	7935.327	718.540
41	8634.371	7787.055	2899.600	9822.245	4433.028	5291.915	4287.601	4257.095	6659.403	2956.667	3447.910	2221.642	2042.554	1705.678	1584.445	4849.586	5929.375	6574.724	1916.850	3532.326	3765.062	3305.113	5240.372	6972.874	11952.107	2521.174	6257.835	4279.711	2725.772	2364.965	4540.323	12398.119	4327.836	10317.959	3325.625	17413.907	12093.590	11286.246	17932.763	8894.194	12185.369	9666.562	8342.728	30332.723	18779.817	8193.356	15505.472	11275.727	16032.481	6982.867	1404.042	5299.279	6270.721	7100.418	10611.969	14274.733	7462.539	4935.842	2653.978	5790.785	9491.418	7464.630	676.622
42	8602.814	7890.668	3239.631	14338.111	3781.630	5578.562	4463.796	4383.325	6454.280	3273.030	3580.715	2162.735	2111.191	1863.728	1724.876	5231.693	6328.050	6726.463	2019.411	3981.757	3248.047	3209.652	5893.347	8056.082	12822.829	2455.167	6366.182	4373.595	3181.513	1813.236	4164.527	12219.819	3982.020	10494.944	3294.857	16680.986	11709.378	11598.927	17414.433	9455.390	12798.372	10930.962	8270.672	30736.395	18051.367	8418.466	15410.537	11177.899	16688.086	7547.744	1720.931	5974.607	5931.479	7075.435	10618.544	15241.179	7532.492	4547.686	2902.493	6547.637	9973.458	7676.522	686.543
43	7341.043	6905.551	2934.051	12183.528	3917.590	4605.016	3814.502	4250.521	6976.292	3905.230	4441.443	2184.562	2263.455	1992.325	1653.871	4948.465	5664.293	6237.323	2051.758	3405.045	3466.582	3497.613	5326.628	7709.476	11943.692	2579.819	6405.892	4160.845	2795.198	1650.979	4250.521	13423.209	4617.902	11052.984	3233.846	17656.899	12418.631	12327.641	18332.491	8592.032	13869.483	9417.784	8977.295	30762.956	16837.721	7799.415	14038.841	11583.938	15798.167	7271.354	1333.827	5469.426	6061.653	7301.597	10319.011	16274.947	7574.042	4595.022	2613.480	5512.028	9522.450	7541.855	688.825
44	9055.926	6325.947	2993.221	11701.752	3563.358	4615.535	4816.450	4580.033	7203.506	4231.323	4085.107	2071.744	1806.136	1642.037	1489.510	4570.828	5506.243	6604.704	1861.887	3500.243	3183.354	3222.012	5648.777	8040.303	12684.502	2544.316	5824.447	4680.753	2959.033	1972.601	4396.474	11852.702	3760.855	9100.106	3458.693	18003.241	12346.575	11362.247	17802.326	9440.137	12658.205	9937.956	8223.599	28229.684	18678.833	7659.773	14504.050	10777.120	16103.485	6585.506	1683.588	4954.514	6104.782	7229.278	10524.660	15569.113	7450.705	4449.595	2238.998	5664.030	9770.438	7434.539	667.032
45	6466.377	6426.667	2586.130	10884.415	3401.626	3308.269	4190.825	3837.381	6444.550	3415.301	3583.081	2337.352	1944.463	2224.798	1231.265	3745.076	5773.166	6928.430	1860.835	4212.915	3427.924	3170.468	6098.733	9110.888	11803.262	2533.534	6097.155	4464.322	2848.320	1569.718	4634.995	12242.699	4244.472	9656.043	3687.747	20457.619	12864.117	11215.768	18196.005	8262.257	12884.366	9767.020	8789.266	26484.033	19557.970	7390.746	13557.065	11335.686	14351.260	6367.234	1323.308	5832.073	6481.630	7523.024	10414.209	15441.042	7665.559	4932.950	2286.861	5738.979	9240.800	7356.624	664.848
46	5158.848	6271.510	2712.360	10895.197	3409.516	3313.791	3831.333	3523.911	6483.208	3960.981	4172.942	2367.858	2022.567	2070.429	1200.497	3250.677	5821.554	6504.246	1923.687	3729.823	3760.855	4115.876	5864.682	9076.701	12297.135	2649.508	6638.102	4603.701	2765.481	1742.758	4497.194	11790.376	3774.004	9327.846	3138.122	21125.059	12597.457	11725.157	18998.615	8008.746	12446.770	9351.777	8965.461	28436.385	16891.369	7137.235	14016.488	10365.033	14930.338	6826.395	1553.151	5677.705	6082.691	7238.745	10555.692	15695.606	7151.436	4401.996	2437.284	5988.282	10328.479	7337.715	678.710
47	5771.851	6089.266	2808.084	9882.204	3898.655	3602.016	3643.566	4777.792	6400.895	3508.921	3233.583	2269.767	1879.770	1709.097	1329.882	4186.880	5250.365	6157.640	1715.145	3313.002	3541.268	4069.328	5304.275	8333.524	11131.615	2634.518	6366.445	4537.693	2915.116	1889.500	4749.391	11841.394	3708.522	9819.878	3175.728	17284.258	12335.004	11799.843	17154.347	7403.106	12151.182	9562.948	8581.776	28551.307	16065.879	6273.351	13840.030	9420.677	14077.499	8100.788	1594.701	5280.607	6117.668	7138.813	10396.590	16006.446	7982.448	4792.782	2594.545	6207.080	9613.440	7143.831	641.467
48	6100.574	6943.420	2717.356	8567.312	3215.963	4018.574	3295.646	3675.387	5857.582	3071.325	2893.552	2284.494	1831.908	1707.782	1154.738	4783.052	5963.299	7181.152	1810.344	4019.100	3653.034	4236.057	6429.297	8584.668	11103.213	2292.909	6108.989	4567.673	3101.042	1720.142	4331.518	14106.164	4316.528	10258.526	3354.553	15199.365	12177.480	10660.357	16977.889	7638.998	12905.404	9977.665	9208.453	28353.810	16743.838	6314.638	13865.276	9881.941	14355.993	7621.641	1732.765	5744.764	6683.597	7450.442	11364.877	15837.351	7983.500	4720.989	2527.223	6443.498	9713.372	7235.115	641.219
49	5630.106	6421.145	2455.167	8714.580	3324.574	4359.920	3144.433	3827.914	6072.435	3212.282	2890.133	2101.461	1888.185	1917.113	1436.125	4824.340	5685.068	6999.434	1806.136	3636.466	4137.177	4086.685	6720.677	8888.146	10989.080	2470.157	6348.563	4781.474	2758.907	1654.397	4153.482	11675.980	4246.313	9706.797	3200.185	17611.930	12554.328	11108.210	18214.939	8335.102	12774.441	8509.720	8784.795	30544.421	17705.550	7286.344	13258.321	10258.263	15037.634	6852.955	1652.820	5944.365	6405.366	7272.669	11163.698	15803.164	8137.605	4738.872	2676.069	6432.190	10039.991	7299.488	673.384
50	6161.585	6003.535	2578.504	8275.669	3371.121	3688.010	4056.180	4355.449	6573.672	3133.914	3158.108	2180.880	1941.570	1918.165	1419.558	4666.816	5320.054	6844.540	1721.457	3579.926	3483.150	4134.810	6767.750	8172.844	10475.483	2731.820	6447.969	4415.934	2963.767	1856.891	4208.707	13430.835	5097.837	9554.796	3288.020	15926.501	12975.620	10860.221	17529.880	8532.336	12339.475	9590.035	9046.196	30860.258	16513.732	7940.634	12835.189	9956.101	15778.444	6627.057	1351.709	5192.772	6454.806	6844.803	10449.449	15005.287	8606.496	4698.110	2186.403	6365.656	9754.923	7249.204	662.188
51	6364.078	6579.195	3025.041	8708.531	4141.648	3714.308	3670.916	4841.170	6250.209	3154.163	2999.006	1991.536	1900.019	1898.178	1313.840	3996.220	5186.724	6992.334	1666.494	3765.851	3399.259	3902.074	6164.741	6930.271	10162.802	2321.574	5881.776	4448.543	2876.984	1634.674	4159.004	12001.284	4796.990	9116.674	3003.477	14354.942	12200.096	10794.476	16802.745	8000.856	13269.629	8783.480	8112.096	30316.681	18587.843	7305.278	13086.859	9314.171	15307.975	7250.053	1817.444	5946.995	6469.796	7350.248	10938.063	16055.623	8378.756	4648.144	2503.292	5994.594	9980.295	7156.230	655.935
52	5713.207	6106.097	3105.512	8486.314	4243.157	3142.855	3553.628	3701.422	6239.427	3119.187	2535.112	2116.451	2263.718	1795.617	1421.661	3905.493	5108.882	6749.342	1888.185	3660.397	3407.675	3650.141	5348.193	6526.599	9747.822	2296.854	6505.298	4585.818	2833.330	1568.403	4360.446	15930.182	4304.431	8864.215	3728.771	15554.912	11708.852	10800.262	17851.240	7569.572	11460.601	10083.909	8881.571	28089.780	16335.169	7299.230	12931.439	9866.688	15452.351	6936.582	1779.575	5919.119	6423.512	7459.647	10919.917	15863.912	8178.630	4492.987	2409.672	5902.025	9965.042	7092.624	643.799
53	5300.068	5581.718	2539.846	8136.290	3778.211	3183.617	3032.667	3692.480	6195.772	2811.503	2553.521	2163.787	1927.632	1828.226	1110.558	3448.436	5200.662	6813.246	1694.633	3620.424	3374.276	3543.635	5897.029	7021.525	12120.677	2477.520	6262.043	4484.571	2849.634	1597.331	3889.977	16566.590	3850.267	8463.172	3393.474	17077.820	12121.466	10675.610	17634.283	7419.674	12763.659	8957.835	8141.287	31948.200	15590.414	7056.501	13551.805	7830.446	15493.112	6707.002	1348.028	5149.381	6359.345	7129.609	10089.957	15230.660	7807.567	4804.879	2164.313	5865.208	9815.145	7035.053	693.630
54	5720.307	5961.195	3299.591	8425.829	4902.181	2940.099	3707.470	4547.949	6322.002	3010.051	2668.968	2411.775	1739.602	1759.852	1318.574	3761.644	5406.837	5956.199	1566.826	3465.793	3449.488	3415.301	5615.905	7008.639	10732.939	2597.438	6739.349	4337.304	2877.510	2062.014	4801.986	14537.449	4160.056	10170.165	3688.273	16145.825	12174.587	11625.225	18095.021	9086.957	14072.503	10362.403	8593.347	29374.430	19754.678	9717.054	15662.470	11956.841	14504.313	7277.403	1726.191	5649.303	6670.711	7537.488	10797.632	15750.305	8281.191	4835.385	2226.376	5935.950	9590.824	7417.885	686.375
55	6358.819	6454.806	3531.275	8862.374	4985.808	3971.238	3590.971	4327.047	6739.086	3293.279	3174.939	2447.014	2099.094	1719.353	1166.046	3829.229	4763.855	5897.029	1826.385	3293.016	3979.916	4409.886	5317.424	6848.485	10816.304	2183.773	6279.662	4636.310	3168.364	1990.747	4112.457	20070.778	4001.743	10273.779	3744.287	15271.947	12916.712	10811.044	17511.998	7642.154	15356.626	9813.041	8436.875	28267.290	15628.020	7626.112	13059.773	10102.317	14602.667	7125.401	1376.166	5948.835	6738.823	7276.088	11024.056	16183.431	7759.968	5111.775	2748.388	6112.934	9782.535	7350.812	665.608
56	6960.251	5899.133	3521.807	9470.117	4041.190	4031.197	3395.315	5248.261	6729.881	3873.410	2877.773	2170.098	1839.271	1855.050	1290.172	3659.871	5419.986	7633.475	1655.975	3772.952	3828.703	3865.783	6373.283	6971.033	10819.985	2623.736	6457.962	4695.217	2993.747	1815.866	4390.425	21207.897	4153.482	10094.691	3815.554	16730.689	12432.043	11730.943	17597.729	7763.913	13010.859	9826.190	8852.906	27467.573	16521.621	6806.145	14728.634	10503.359	15111.530	7862.267	1588.653	5933.846	6278.347	6956.306	10709.534	16468.762	8249.897	4775.163	2426.239	6158.429	10108.366	7476.270	674.825
