 	0034-0068	0036-0061	0052-0084	0061-0080	0083-0076	0085-0067	0095-0048	0091-0040	0094-0029	0084-0033	0078-0027	0072-0023	0067-0021	0060-0019	0051-0020	0051-0027	0042-0030	0032-0029	0038-0038	0048-0038	0036-0046	0028-0045	0034-0077	0021-0058	0058-0031	0053-0035	0044-0046	0043-0055	0034-0053	0054-0046	0050-0053	0049-0077	0042-0080	0041-0071	0096-0058	0094-0066	0044-0156	0035-0165	0029-0172	0031-0182	0051-0151	0056-0146	0077-0212	0068-0202	0085-0205	0094-0210	0085-0215	0082-0222	0074-0225	0069-0232	0071-0238	0080-0232	0089-0230	0096-0226	0059-0202	0062-0192	0060-0209	0068-0212	0093-0200	0057-0156	0061-0164	0066-0174	Average	Err
1	15494.953	11768.023	8716.421	6348.563	3767.166	4692.324	11378.025	10953.315	13599.667	6028.255	6488.993	2180.354	5128.080	12034.420	5199.610	6623.638	7987.181	16951.328	8803.466	8383.753	6804.567	8695.908	4630.787	9996.337	8072.912	2762.063	8601.499	6581.299	5200.399	11154.494	10352.147	4401.996	6967.088	4619.216	5524.914	1453.745	20171.499	7059.393	5200.399	8698.801	8513.664	6933.164	4457.222	5157.007	3735.346	5767.117	3650.141	6471.111	2436.495	4236.583	5001.061	3694.584	5297.964	10445.504	3178.358	7086.217	5377.120	6277.296	3235.424	9253.160	9663.669	7195.353	7202.267	452.160
2	17650.061	15688.768	8884.464	7290.551	4433.817	4663.923	10956.734	10453.656	13903.933	6127.661	6649.673	2287.124	5018.155	9813.304	5371.598	9011.219	8216.236	16458.506	8554.426	8882.360	8361.400	9444.608	5323.736	11643.371	9571.101	4554.787	9640.790	8502.882	6051.134	11307.810	10097.846	4151.904	6370.916	5156.218	5406.837	1418.243	18039.270	8102.366	4599.756	6425.352	8587.561	6782.740	4186.091	5857.056	3619.109	5444.443	3448.699	6625.479	2511.970	4716.781	5137.284	3565.988	5017.892	11150.286	3030.564	5605.649	6395.636	6679.653	3516.285	8568.890	11830.348	11212.612	7548.024	465.126
3	11375.922	16011.443	9783.850	6648.358	3644.092	4096.941	10967.253	11539.494	14088.807	6274.929	6218.388	2556.939	5623.268	10231.702	5469.952	7556.686	9067.497	16805.901	8494.204	8971.247	7667.663	11396.434	5212.759	15055.253	9727.573	4724.408	10619.333	8394.009	6778.006	11688.603	8593.347	4257.884	6657.562	4746.761	5354.767	1322.519	16049.838	12335.530	6523.443	7422.567	9281.035	8360.611	4215.019	6017.210	3781.104	6336.992	3473.156	6267.302	2486.987	3629.892	4556.628	3857.894	5497.564	10625.907	2520.648	8774.013	5088.633	6087.162	3354.290	8732.462	10472.328	7523.024	7595.081	454.008
4	9959.783	12079.915	14070.136	6968.403	3916.275	4540.323	10536.494	12268.471	15456.821	6246.264	6261.254	2547.472	4486.675	7972.455	5397.633	7059.130	8515.768	17088.339	8405.317	8079.224	9080.120	11228.654	4985.545	13504.732	8126.560	3452.381	9353.880	7135.131	7532.229	12304.236	9783.061	4795.412	7469.114	4889.821	4816.187	1363.543	14013.070	8765.598	4066.173	4446.177	9149.283	9287.610	4273.663	7847.014	3618.846	5343.722	3891.555	6552.371	2411.512	3374.013	4225.538	4013.577	5567.780	10993.551	2627.681	6927.115	6250.735	5541.482	3401.100	7794.155	6875.046	7088.847	7258.451	435.684
5	14613.975	18242.289	15454.980	6900.554	3773.741	4467.741	13268.052	13572.844	15153.870	8400.058	7835.180	2804.139	4897.711	8243.848	5792.100	7759.442	9814.619	18136.835	11867.954	8446.079	7841.754	10476.272	5081.533	14266.581	12401.538	4540.586	8990.444	9276.565	6482.156	16313.605	9245.007	4887.980	7455.702	4539.271	7734.722	1613.373	13212.300	7332.628	2888.292	3514.707	9772.542	8799.522	4243.157	6515.291	3766.903	7283.977	4161.634	6683.860	2348.661	3816.606	4197.925	3609.379	5631.420	11270.993	3518.389	6988.389	5051.290	6738.297	4593.445	7532.492	6833.232	5662.189	7847.752	512.436
6	10884.152	13095.801	11912.661	6397.477	3472.630	4846.430	12133.826	11659.938	14258.165	6618.116	6549.741	2342.349	4579.244	8321.427	6790.103	9856.958	8623.852	17098.596	9810.937	8328.527	6303.330	11215.768	4815.135	15822.098	12594.564	3827.651	9012.797	8057.660	5321.895	12750.510	10995.655	4117.191	6622.323	5687.435	6748.553	1517.649	12718.164	7384.698	3663.027	5979.341	9873.000	8452.390	4687.065	9683.655	4031.460	6919.226	4265.510	7998.226	2903.808	4611.590	4061.965	3965.189	5352.663	10374.237	3170.731	5723.726	5550.686	6365.656	3852.634	8996.230	8991.233	7576.409	7582.962	439.297
7	17391.817	13871.324	13466.337	7208.502	3827.914	4586.344	11582.886	10724.787	13470.808	7234.274	7453.598	2498.558	4774.637	8079.750	6502.931	9887.990	8418.992	16705.180	11474.276	9420.414	6714.366	18979.155	5412.096	12368.665	14976.097	4788.575	9026.735	7448.339	4863.260	12818.095	9832.501	4668.656	6277.296	5330.047	7448.339	1585.234	12922.235	9290.503	3228.323	4485.886	11535.813	11167.643	4814.083	7001.012	5168.841	8156.277	4867.205	9096.687	2462.793	5136.758	4007.529	3739.554	5198.032	10867.321	3125.236	9161.380	5604.071	8638.842	3930.213	10713.216	8048.192	12496.736	8161.019	498.122
8	21800.913	16725.692	14027.007	7980.870	3864.731	6192.879	12100.164	12408.112	14623.705	8807.937	7926.696	2563.777	5176.994	7150.647	6796.941	10641.949	8617.541	17626.656	11528.712	9583.987	10338.472	17708.706	5238.531	11543.965	14644.218	4958.722	7668.189	8781.902	6335.151	14956.373	10565.948	4554.261	6724.096	5563.835	6512.924	1663.076	11817.462	8401.635	3597.545	5124.661	9307.070	9719.420	4905.863	6679.653	5831.284	7747.871	5148.855	9040.936	2772.582	4084.581	3972.289	4159.793	5692.694	10411.054	3915.223	7091.214	7586.402	5969.085	3893.922	8132.083	6651.777	7463.854	8274.566	521.534
9	19990.307	14301.820	10993.814	7026.258	3982.283	7026.258	12087.541	10661.935	14355.467	7540.381	7201.139	2651.875	9502.463	10136.504	7236.904	8597.291	9275.250	17526.988	13046.624	9946.634	8761.127	17313.186	5458.644	11729.102	13922.342	5285.604	10847.335	8076.068	5249.313	13268.315	8208.346	4516.655	7004.694	5409.730	6072.172	1943.148	15451.562	6982.867	3669.075	7179.575	11251.533	10639.582	5177.783	6685.964	4865.364	7396.795	6926.063	9026.998	2672.387	5381.854	5488.360	4092.997	6168.159	10817.881	3751.125	6257.046	5865.471	6558.945	3906.808	12919.868	8208.083	6943.946	8394.187	492.213
10	26247.879	18897.894	17485.437	7339.991	3759.540	9065.656	12514.618	10838.131	15227.767	8107.363	7701.324	2635.044	8590.454	8728.255	6384.328	10337.683	8594.399	17888.057	11031.420	10346.098	8057.134	19428.848	5742.134	14024.904	18561.808	5693.483	10720.579	9004.908	5639.047	14635.540	11862.695	5668.500	7908.288	6989.704	8467.117	2995.062	30182.562	8488.681	5504.402	11122.673	11591.564	10299.814	5298.227	7169.055	5580.929	9420.414	6604.178	9241.326	2718.408	5035.511	6391.691	4244.209	5681.912	11123.199	4588.448	5837.070	8554.952	8427.144	4059.072	21443.526	7715.525	8434.771	9707.748	690.544
11	22646.652	14715.748	17488.067	9578.201	4186.880	10343.468	11945.270	12039.153	15634.595	6860.319	6401.421	2914.064	8087.376	8023.209	6912.388	12092.538	9473.536	17835.461	9890.356	10098.898	6510.557	13490.794	6228.645	11865.851	17404.177	4771.481	7786.529	7279.243	4691.273	13521.826	10661.672	5773.429	8951.786	7616.119	7367.341	3461.848	49519.368	8443.975	5360.027	9941.111	10223.024	8944.423	5359.764	5857.319	5234.323	8443.712	6218.388	8231.225	2536.690	4769.640	5903.866	3999.376	6169.474	11027.738	4119.557	6014.843	6419.567	7732.092	4778.318	23515.007	7096.999	9424.622	9513.462	855.332
12	16302.560	13379.291	13948.377	8501.304	3326.151	7987.444	12025.741	14292.090	16450.617	6916.596	6799.045	2610.061	6184.990	7101.207	5753.442	9744.666	11234.965	19174.285	10761.604	10305.862	8324.583	12541.705	6101.626	10367.662	14032.004	4334.148	8423.463	6687.805	4709.418	13201.781	8688.019	5149.118	8272.513	6769.328	7318.427	2975.338	56144.058	7315.271	3964.400	7566.153	12380.762	12162.227	4994.487	5684.279	4943.732	9756.763	5662.715	8284.873	2861.731	4433.291	4674.442	4008.580	5558.049	10022.109	4649.985	7622.693	4970.293	7609.807	4371.754	26983.167	6739.612	7603.233	9220.415	942.357
13	20884.433	15948.328	12408.901	8847.121	3871.043	7919.070	11241.014	12941.958	15676.408	8537.069	7000.749	3152.849	6336.992	7263.465	6168.948	10029.735	9547.433	18100.018	9730.466	9336.261	15343.740	14028.059	5214.074	9432.248	17323.968	5776.059	10358.195	7984.815	7423.619	13407.430	10480.217	4810.402	7124.875	6100.837	7790.474	3319.577	48597.102	6783.003	3228.060	5351.348	11883.470	11781.960	4872.202	5608.804	4515.866	8519.976	6229.433	9283.665	2590.338	3930.213	4485.360	3815.028	5876.516	10212.505	3651.719	7349.985	4593.445	4404.100	4259.725	14599.248	6673.341	5950.676	9030.773	829.164
14	22669.268	19076.457	13314.073	7568.520	3825.022	8510.508	11430.621	12733.942	14426.472	7093.581	6351.718	3610.957	7337.888	7276.614	6088.740	9479.584	9563.474	18552.078	9241.589	9783.324	11382.496	15691.924	5445.495	14397.281	15386.606	5583.295	9436.456	7971.929	5903.077	12676.613	9887.990	5210.655	7088.321	6530.544	6937.634	3118.661	46700.239	9564.000	3035.034	4401.733	10762.656	9787.795	5238.531	6090.318	5471.004	8330.368	6822.187	9398.850	2673.965	4722.567	7057.816	4260.251	6170.263	11202.093	4059.072	9076.175	5041.823	7776.799	4520.337	14559.539	6240.742	8618.856	9228.491	803.461
15	23475.560	15500.739	14753.617	8074.227	2968.501	6045.612	12008.385	14829.355	17187.482	7473.584	7074.120	3055.810	6053.501	7462.276	5684.805	9344.676	10603.817	18621.504	10627.485	9953.997	24387.306	17699.764	5314.268	10980.928	12294.242	4239.213	9704.694	8135.764	10350.832	12812.047	12181.688	5229.326	7488.574	6817.716	6491.360	1761.956	39024.161	9062.500	2627.944	4225.275	10260.630	8304.596	5787.893	5663.767	5121.242	10076.282	6003.272	10251.426	2839.641	5248.261	5317.424	4581.611	5862.053	10426.306	3264.088	7225.596	5011.317	5463.903	3795.831	13017.696	7418.359	9376.234	9224.936	772.449
16	22053.899	20789.761	12327.904	7835.443	3600.175	6036.144	12455.448	12803.369	15102.326	7260.046	6842.962	2837.011	5352.926	8531.021	6239.164	10475.746	12199.044	20334.019	11956.052	12784.960	20666.161	16581.054	5320.054	11724.368	13831.877	5748.446	11616.284	8692.227	8504.723	14628.439	12633.485	5192.509	7611.648	6602.074	7610.333	2077.530	42990.928	7060.708	2735.765	3069.747	10332.423	8876.049	5396.581	6953.150	5229.589	10502.833	6168.422	8879.730	2698.422	4886.140	4413.041	4049.868	6025.362	10261.419	3083.948	7065.705	4414.356	5051.027	4716.255	18660.162	7835.443	6330.417	9428.163	822.502
17	17354.211	18133.153	14751.513	7902.765	4373.858	7226.648	12317.910	11310.440	15754.250	7353.403	6940.527	2582.185	5043.664	7853.062	6199.191	10496.522	12128.040	19593.998	11186.840	10945.689	13058.721	15507.576	5391.584	10845.231	12949.322	5938.842	9629.219	7265.832	6675.708	13153.130	9436.719	4914.804	7593.503	6244.423	7310.538	2825.703	32776.056	8195.197	3482.624	3255.936	10204.879	8818.982	5673.760	5515.973	5215.126	9578.464	6395.899	8799.259	2802.035	4584.766	4400.681	4531.119	5830.758	10233.806	2892.237	6189.198	4745.709	5100.204	3547.579	9894.564	8196.249	9292.080	8682.933	637.693
18	22689.517	21960.278	12937.225	7132.238	3665.394	5710.051	11620.755	11011.171	14951.114	8028.469	6840.069	3003.477	4970.819	8240.956	16857.970	13380.080	11803.262	19745.211	11001.440	9362.296	10932.277	15606.456	5423.667	13751.143	13385.603	5258.254	10041.832	8864.215	6760.124	12434.673	8650.413	4925.060	7284.503	6978.396	6911.074	2158.527	25212.533	10372.922	3174.150	4075.377	11740.410	9279.457	5681.649	6021.943	4943.995	8379.019	6017.473	8250.423	2688.166	4066.962	4228.693	4141.122	5853.111	10096.532	3557.309	6330.680	5058.653	6765.909	4211.337	13477.908	7764.965	10634.322	8972.629	632.601
19	19644.227	17277.158	12990.872	7852.273	4157.163	4884.825	11790.902	10078.386	13823.725	7288.448	7077.276	2515.389	4715.730	7857.007	11254.952	10976.720	9897.457	17703.183	9941.637	10086.538	8914.443	20821.319	5509.661	11832.978	11475.853	5777.899	7376.019	7003.905	5524.914	11749.614	8209.661	5027.359	6942.368	6563.942	6739.875	2425.976	46516.417	8896.561	3398.470	3802.405	11616.021	10763.445	5212.496	6036.144	4731.245	8755.078	5755.546	8866.318	2904.334	3758.751	4058.809	4290.756	5786.841	10584.882	4718.096	6255.205	5377.383	6196.824	4007.529	23889.488	8930.485	11246.273	9033.314	831.161
20	16271.791	13221.504	12729.998	7183.256	4278.133	5708.473	12354.464	10524.134	13794.008	7122.508	6613.382	2642.670	4415.408	9896.142	9709.427	10301.129	10097.583	18852.925	9477.480	9724.154	8193.356	15828.410	5213.285	10618.544	10120.989	5440.235	7427.826	6604.704	5104.149	10269.571	6984.708	4612.642	6629.950	5414.200	6370.127	2027.301	52096.293	12834.926	3371.121	4243.157	17890.687	13194.155	5137.810	6465.851	4320.473	7984.552	5768.695	10866.269	2928.791	6621.008	4507.977	4886.140	6187.620	10424.992	5586.188	5884.932	5793.152	7596.132	4292.071	26679.163	8516.031	9361.244	9116.419	893.573
21	14714.170	11965.519	12120.151	7439.660	3950.988	5304.012	12317.384	10991.447	13851.864	7604.285	7187.464	2585.078	4652.352	8429.511	7370.760	9285.769	9196.093	20003.456	9406.213	10123.092	7902.765	15920.189	5196.980	10270.886	12726.842	5488.360	7852.799	5924.641	4773.585	10555.429	7075.698	4557.154	6478.211	4918.749	6885.039	2069.640	45325.650	10031.313	2698.685	4296.016	13540.497	11440.877	5562.783	6275.455	5224.856	8786.899	6315.164	9813.830	3097.886	6234.430	4266.562	4711.785	6210.762	10216.713	4572.669	6044.560	5849.167	7967.984	4222.119	16117.160	6552.371	6450.598	8531.017	756.211
22	11470.331	12616.654	10338.209	7069.913	4228.693	5868.890	11722.264	10157.017	13808.998	6986.285	6316.479	2500.399	4701.529	7967.195	7008.902	7161.429	9539.280	18137.886	9547.170	8604.392	7378.386	17089.128	5022.099	10058.926	8024.524	4178.465	7234.011	6338.044	4591.078	9851.173	7809.145	4421.983	6532.122	4923.745	6773.536	1735.921	32024.463	7559.052	2773.108	6141.862	12728.157	11989.976	5036.300	5288.234	5181.990	8310.119	6936.057	11033.524	2984.805	6034.566	4969.767	4395.685	6307.538	10370.292	4911.122	5837.596	4729.404	6799.045	3758.225	10266.153	7465.958	9624.222	7922.120	570.754
23	13011.911	11290.980	10311.911	6994.175	5654.300	5433.398	12635.588	9972.669	13006.388	7550.374	6795.100	2430.447	4656.033	7553.530	5922.275	7779.691	9566.893	18051.104	9459.598	8169.425	6505.035	13464.759	4908.493	9673.136	8385.857	4516.655	7014.687	5683.753	4371.491	9234.225	6015.106	4226.853	5797.623	4132.706	6541.063	1991.799	23703.036	6773.536	2703.155	6689.120	14268.685	14027.533	5664.819	4896.922	5930.690	7734.985	6464.799	11400.642	2738.395	5497.827	4373.595	4476.945	6458.751	10925.177	4989.490	5619.060	5444.180	5667.711	3564.410	10153.598	6346.985	5457.855	7591.628	489.226
24	14722.585	12406.797	11222.605	7094.107	4915.593	5569.358	12035.209	9524.290	13470.808	6938.160	6425.878	2420.454	6547.900	7094.633	5874.150	7773.906	9350.462	18600.203	9515.875	8730.884	6631.790	11434.829	5256.150	9828.293	10224.865	5393.688	7633.738	6044.560	4173.731	9896.142	7003.905	4335.463	6566.835	5409.730	6829.287	2172.465	18725.906	6862.686	3428.713	8739.826	9946.634	9210.031	5447.336	5391.321	5500.194	7930.641	6669.659	10816.567	2797.302	4235.531	4114.035	4460.640	6747.764	10861.010	4931.372	5504.402	6070.331	5476.526	3841.589	8750.608	8264.098	9649.468	7636.186	428.297
25	14080.918	11743.303	10430.251	6665.452	4613.168	4794.097	11064.029	8925.751	13200.466	7094.633	6620.482	2413.090	6984.708	6717.521	5413.411	6903.710	8971.510	18035.588	8492.100	8219.128	6390.902	12012.592	4881.143	9114.307	9040.673	4431.187	7566.679	5979.604	4528.226	9745.192	6530.544	4200.029	6498.723	5450.754	6285.185	1958.926	17314.501	6896.084	2927.213	5940.946	14096.960	12677.139	4887.717	6257.046	5100.730	8008.220	5199.084	11028.527	2723.142	7149.069	3808.980	4154.534	6341.988	10879.418	3904.178	7587.454	5068.384	7199.561	3602.279	10112.573	6865.315	6717.521	7458.815	430.880
26	15724.796	12009.437	10579.360	7515.661	4125.869	4527.700	12321.855	10024.475	13405.326	8009.798	7857.007	2173.517	5272.981	6778.269	5622.479	7596.132	9107.996	17301.352	8719.050	9163.484	6169.211	10555.955	4978.708	9349.147	10664.302	5573.302	8225.703	6223.911	4449.595	11120.044	7908.551	4382.273	6535.540	5491.779	5526.229	1142.115	15477.071	6680.704	2722.353	4492.198	10784.483	9963.201	5598.811	5697.428	4562.939	7354.192	5686.383	9320.482	2643.722	5768.958	4207.918	4418.301	6214.970	10716.109	5147.014	13495.265	5454.962	7245.582	4059.598	7598.236	7143.810	6665.978	7504.090	424.796
27	15859.178	11823.511	9639.738	6934.216	3648.037	5214.074	11912.135	9172.951	13468.704	7502.775	6708.054	2283.442	4733.612	7048.348	7469.903	8314.327	9647.364	17726.325	9288.925	9163.221	6221.018	11023.268	4769.377	8564.419	12896.989	5067.069	8539.699	5645.621	4476.419	11545.017	8298.811	4317.317	6131.605	5416.041	6918.174	1859.258	14482.749	6851.640	2456.219	6576.302	12201.148	11572.104	5348.982	6701.743	4394.633	7726.833	5128.869	9961.624	2628.207	4550.316	3874.987	4606.593	6585.506	10553.325	4166.893	15662.207	5824.184	5374.228	4415.934	10348.465	8855.799	7546.430	7703.949	446.583
28	11433.777	10026.316	10420.258	7004.694	3699.581	5089.422	11776.175	8888.934	12663.990	6629.950	6689.646	2476.468	4606.593	6586.821	6802.463	8708.268	9101.684	17805.745	9148.494	8356.140	6545.271	10778.698	5228.275	9619.489	11606.554	4120.609	7180.364	5636.943	4582.399	10006.856	6959.725	3782.419	6319.635	5444.706	6662.559	2136.963	13849.234	6935.531	2744.443	7212.973	17319.235	18205.735	5399.473	8099.736	4236.057	6741.190	4904.811	9637.371	2717.093	4259.725	3989.383	4738.872	5747.394	11289.139	3900.496	10342.942	6688.331	5583.558	3667.760	12164.068	8989.655	10679.555	7654.365	459.049
29	8871.578	10543.595	10165.432	7326.580	4995.013	6004.061	12351.309	9621.592	12838.345	6355.400	6840.332	2845.164	4933.739	6538.959	5937.790	7678.445	9021.739	17689.508	9062.237	8473.692	6272.299	12143.293	5112.827	11018.534	9490.366	4952.410	8236.222	6681.230	4760.962	9848.543	6417.989	4072.747	6195.246	5163.582	6300.438	2711.571	13298.820	6675.182	3281.182	9236.592	11909.242	12012.855	5460.747	6038.774	4231.323	7847.540	5191.720	9787.532	2615.847	3985.701	4159.530	4685.750	6048.767	10548.328	4225.012	15444.461	5748.709	6322.528	4191.613	10590.405	6735.404	7820.979	7509.150	403.312
30	7729.988	12447.559	10264.312	7047.559	4806.457	4913.226	11991.554	9627.378	13234.127	6691.487	7265.306	1515.808	2209.282	7058.079	5727.145	7957.991	11300.973	19025.176	10291.662	10202.249	6586.821	10663.776	5572.776	17994.300	9220.287	4934.002	12162.227	9273.672	5816.820	15677.197	11519.508	4846.693	6126.346	4659.715	6561.312	1541.317	14838.296	7477.003	2946.936	5642.729	11856.646	12576.155	4499.824	2412.038	4514.814	9266.309	5771.851	10598.031	2062.803	2128.548	1683.588	5153.326	6469.796	11048.776	4079.059	8351.670	4946.362	2850.949	3980.968	10486.529	8372.971	9031.206	7701.795	507.187
31	7110.674	12554.854	12288.983	5815.768	4632.891	6193.668	11992.080	8850.540	13464.759	7800.730	6670.711	3672.757	2674.754	6511.609	5452.332	7822.031	12558.010	19767.038	11401.957	10571.208	6530.018	10732.676	5369.231	13547.598	8179.419	4335.463	12825.722	7942.738	4577.140	14098.800	12226.394	4680.227	6429.823	4591.867	6579.721	2131.177	14009.914	7309.486	5512.554	4398.052	15440.780	16266.006	5669.552	2400.467	4092.208	8776.643	6444.550	11009.067	2823.074	4132.706	5486.256	4833.281	6642.047	11057.192	3815.554	4460.377	5284.026	2807.821	3927.320	11774.597	8390.327	4049.605	7796.755	503.519
32	7896.980	14752.039	14343.633	9764.127	5377.909	6569.465	12274.519	9738.355	13130.514	7229.015	7241.375	3725.879	5040.508	6672.552	10105.736	9089.587	12352.624	21696.248	12338.686	9807.255	6540.537	16854.289	5395.529	12042.572	8499.463	5548.056	15667.204	12404.956	6706.739	15751.883	16962.110	4999.220	7316.060	4928.216	7648.991	2159.316	13868.168	7508.035	5236.164	5715.574	12976.671	11937.381	5632.472	5553.053	4043.557	7926.433	5934.109	10412.632	2521.174	6719.099	5277.188	5415.252	6418.252	10665.091	3067.907	7548.796	5722.411	6178.942	4032.512	11884.785	14597.408	11065.607	8813.400	522.466
33	11399.327	16886.898	15138.091	8944.686	5896.240	5805.775	11399.064	9835.131	12425.206	7731.566	7083.324	4455.381	5783.159	6475.844	9561.107	10144.394	12818.621	22681.365	12321.066	10595.928	7429.141	25257.239	4806.983	11774.071	9913.236	5313.742	15181.483	10264.575	7125.664	14292.879	14906.933	4694.428	6783.792	4821.710	7279.506	2048.602	12998.762	10453.130	6132.920	6669.922	11384.600	9755.448	5799.727	5608.541	4148.748	7347.618	5680.071	10646.419	2940.362	7827.553	7260.309	5292.967	6603.915	10714.005	4068.803	6123.979	5493.620	5990.649	4236.583	11399.327	17417.326	14014.384	9117.514	570.014
34	10123.355	18641.227	17359.207	7602.444	5345.563	6105.308	12844.130	9456.968	12889.363	6639.680	6149.225	3495.247	5262.199	6531.859	12261.896	10726.891	13101.060	21129.003	12454.133	9694.700	8059.237	20259.597	5102.308	11120.833	9075.386	6408.259	14064.613	12039.942	6868.471	15440.517	15282.466	5253.783	6829.287	4785.945	6013.002	1782.205	15086.811	10695.333	8163.640	6789.841	11614.180	10000.018	5408.152	5210.129	4965.822	8501.041	6345.144	12237.965	3114.717	6728.304	6141.336	5396.844	6289.393	10426.569	3371.910	5699.006	5032.882	5254.309	4378.854	15763.191	15408.959	10529.394	9108.920	561.285
35	11387.493	18152.613	15081.025	8019.265	5867.049	6489.782	12361.039	10383.704	13729.842	6565.257	7071.490	3689.325	5512.028	6803.252	10960.416	9773.068	13976.778	21074.567	12704.226	10029.998	9261.838	16756.198	5638.521	11356.198	9422.781	4939.524	13131.829	9858.010	8481.055	16665.207	13961.789	5114.142	6588.399	5069.698	6540.274	2570.877	18159.714	8209.661	4920.064	4245.261	12120.940	9843.283	6070.331	5171.997	4470.634	10589.090	7173.263	14336.007	3237.002	6258.887	5506.506	5736.612	6817.190	10692.967	4122.187	6289.918	4934.002	5888.613	4325.469	20970.427	19415.436	11520.823	9290.562	585.620
36	8592.558	18608.092	14441.987	8148.124	6182.097	5972.241	12200.885	10421.047	13605.716	6980.237	7014.950	4975.026	7324.739	7164.848	11803.262	10302.970	12187.210	20387.141	10949.371	9340.468	8544.433	17586.421	4952.147	13027.426	8855.799	5081.007	13913.664	10942.270	6351.981	12996.658	13157.075	4658.663	6677.286	4272.348	6873.994	1644.141	16213.147	13381.921	4903.759	5204.343	11288.613	9461.702	6252.576	5267.984	4573.984	11267.838	6475.844	12353.939	3453.959	6897.136	5449.176	5432.872	6872.942	11307.021	3670.916	6984.445	5462.851	6942.368	3993.328	18849.506	20136.786	12106.476	9199.092	558.024
37	9026.209	16509.524	15096.804	7487.522	5900.710	5725.041	13141.822	10146.497	12933.806	7403.106	7026.258	4074.325	6497.146	8507.090	12526.189	11059.822	12214.297	20577.800	11449.293	9532.180	7768.646	16556.334	5383.169	11756.451	8723.784	4961.351	15300.086	9748.611	6050.345	13029.267	15194.895	4487.990	6804.304	4497.457	7494.097	1819.022	14635.014	13601.771	3869.465	4082.740	10824.719	9499.307	5607.752	5153.852	5286.393	10443.663	6384.591	13487.376	2976.653	6094.000	5033.670	6150.277	7835.969	11176.321	4590.289	5851.796	5163.845	6359.345	3774.530	12821.777	17546.711	10189.100	8949.229	527.915
38	9670.769	16160.289	13746.935	7928.800	7463.328	5435.764	13006.914	10227.758	12886.207	7508.298	7847.803	3553.628	5398.948	8053.189	11129.511	10798.421	13705.385	20369.522	12065.451	9492.996	6764.858	13253.325	5366.601	10627.485	12178.795	5935.161	12149.341	9228.703	5613.275	11377.500	9138.501	4215.282	6705.424	5180.149	5900.184	1716.197	23329.344	10702.960	3456.063	4257.621	10172.795	9711.794	6287.289	5814.979	5037.615	10176.477	7084.639	13704.859	3726.142	5812.087	6287.552	7676.867	8066.864	11581.571	3603.594	5699.532	6527.914	5791.048	3999.902	21182.651	18779.554	12397.330	9075.318	569.107
39	10174.373	16776.447	12747.617	7847.014	7407.051	5373.176	13262.003	9855.380	12473.857	7542.748	8262.783	3550.472	5363.971	7262.939	8849.488	8208.872	12202.726	20060.522	12099.375	8875.523	7170.107	15098.119	4910.071	9797.525	11041.150	4292.071	13096.853	10180.948	7238.219	13134.722	12496.210	4322.577	6533.174	4618.953	7061.234	1638.882	22468.879	9518.242	4888.243	3465.530	9988.184	8802.415	6200.243	5538.852	4659.978	8552.848	5573.039	13504.995	3673.020	5769.747	5848.115	7405.210	8172.581	10780.275	3409.516	5912.281	5965.403	6264.936	3822.918	17208.521	17508.842	10099.687	8803.704	543.246
40	8833.972	15249.068	15680.616	7553.267	8471.325	5449.702	12761.818	10559.111	13411.112	7148.806	7353.403	3010.051	5329.521	8284.347	10140.186	9528.498	12175.639	19324.708	10919.654	9475.639	6973.399	14476.175	4937.683	11272.045	9561.633	4521.388	9347.569	8266.727	6077.695	14223.452	10802.892	5497.564	6637.839	5015.262	6413.781	1633.622	25931.779	8134.449	4755.439	2965.345	10424.203	8776.380	7039.933	7808.619	5165.949	8848.173	5903.077	12508.307	3257.251	5513.080	5019.996	6540.274	8413.469	11383.548	4697.847	10242.485	6365.393	5413.411	3756.647	17539.610	14054.094	12067.292	8852.342	548.436
41	8223.599	17738.422	14181.902	7916.440	6683.860	4759.647	12704.752	9357.562	12982.983	7100.155	7065.442	2758.907	5454.699	9350.725	13593.882	12260.581	12562.480	21607.887	11475.328	10661.672	6639.154	13278.571	4968.452	11560.007	9891.408	4536.378	12212.719	8465.539	6122.138	14090.122	10840.498	4805.405	6794.311	4553.735	6050.608	1684.640	32720.304	9552.955	2941.940	2322.363	10965.938	9915.076	6839.017	6026.940	5022.625	9384.386	6193.931	12158.546	2693.951	4749.128	4318.895	6482.945	7734.985	11919.235	4430.398	8420.307	5224.856	6482.419	4292.071	17605.355	18672.522	12012.329	9097.065	661.469
42	14942.172	22167.505	13102.638	7714.473	7626.375	4993.172	12269.785	10957.523	13944.695	7135.394	7217.180	2366.806	4229.745	7988.233	9026.998	9466.172	12267.156	22615.883	10946.215	10579.886	8489.207	17524.884	4914.804	10611.969	10631.956	5337.148	11779.331	10498.626	6741.452	14740.731	13054.513	4425.138	6433.768	4822.762	6414.833	1513.441	25172.034	8924.174	2719.197	2447.014	9655.780	8294.340	6233.904	5550.949	4486.938	8609.125	5445.495	12600.086	3059.754	7061.234	4266.825	5856.004	7427.300	10787.376	4226.853	6673.341	4916.645	5772.377	3993.854	11301.236	10863.640	9410.158	8794.326	606.877
43	15513.099	20052.107	11834.819	7226.648	6917.648	4490.620	12884.892	10826.034	13439.514	7403.632	7950.890	3367.439	4918.486	6942.631	9672.610	9802.522	11776.175	19726.802	10372.133	9818.037	8723.784	14521.933	4926.638	11666.776	11463.231	5201.451	9629.745	9823.034	6124.505	13598.090	12368.928	4272.874	6332.784	4411.726	6631.790	1322.519	22189.595	13821.358	3692.217	2754.436	10988.291	8521.028	5928.849	5746.342	5150.433	9649.468	5732.930	10442.874	3036.875	5603.808	4784.104	6320.161	7388.905	10397.379	6634.683	6021.155	4622.898	5654.563	3914.171	11589.460	10365.033	9773.331	8656.143	539.447
44	14161.652	19322.867	11322.800	7573.253	6116.353	5328.206	13152.341	10961.731	13595.986	6599.444	6933.690	3126.551	5511.765	7785.740	9060.659	9072.230	12032.579	19476.710	11900.827	8905.502	9152.439	13955.214	4397.263	12376.818	9743.351	5432.872	10712.427	9733.621	6443.498	12566.425	10690.337	4402.522	6088.477	4893.766	6083.217	1492.666	23323.558	14650.529	3028.460	2477.520	11117.677	8613.596	6126.872	5804.723	5151.485	8532.862	5813.665	10486.792	2991.380	4860.894	3951.777	6661.770	7170.107	10147.286	4918.749	7584.824	4719.148	5615.116	3985.701	13745.620	9828.293	8720.628	8550.562	543.757
45	14105.901	17446.253	14118.524	7680.286	5567.780	4921.642	14437.254	11060.873	13062.665	7904.869	8038.462	3602.805	5151.748	6750.657	12034.946	10396.590	12002.862	19991.622	11103.213	9425.411	9449.342	12938.277	5332.940	10477.061	12413.635	5534.381	9844.598	8361.663	6340.147	11955.789	10109.943	4960.562	6750.920	5093.893	6646.780	1603.643	19489.333	11998.918	2589.023	2599.805	11107.947	9636.582	6159.218	5740.557	4772.007	8083.432	5909.126	11144.238	2723.405	6156.851	5938.842	6479.263	7111.200	10326.375	3861.050	9363.874	5417.093	6741.978	5073.643	12325.011	10753.452	13334.322	8733.137	506.273
46	10045.777	15592.781	12691.603	10137.293	5380.276	4983.968	14755.195	11163.698	13019.274	7630.846	7083.324	3891.818	4986.597	6922.908	14270.262	11034.839	11098.216	18481.073	10334.527	8995.441	8135.764	13734.049	4940.576	10862.851	10677.977	6050.345	9768.334	8739.037	5922.012	12592.723	10294.291	4547.423	7237.430	4861.946	8189.149	1939.203	20299.569	11967.360	3074.481	3656.452	10661.935	9621.329	6275.981	5599.863	5834.703	8872.893	6978.396	12479.642	2910.382	6579.984	6510.294	5687.961	7291.340	10993.025	3882.614	13551.016	5369.757	6232.326	4441.706	15015.017	10850.754	15158.604	8883.713	503.203
47	9079.331	13188.369	12799.950	8467.117	4738.346	5834.966	13329.063	9602.921	12102.005	8629.638	9176.896	3362.442	8240.430	8892.879	9636.582	9252.108	9945.582	18460.298	9030.154	9586.879	7085.165	10680.081	5301.645	9641.053	11826.404	5818.135	9300.759	6076.643	5146.751	11983.402	7912.496	4491.146	6842.436	4841.433	6250.998	1136.593	20558.340	12722.108	2884.874	4451.173	10081.279	8964.146	6329.628	5732.667	5010.002	7700.798	6079.799	12927.232	3297.224	6793.522	5232.219	6277.296	7141.969	10186.207	3295.120	12882.525	5832.599	6574.461	4423.823	10378.970	8270.146	9229.755	8241.113	449.892
48	7210.080	14488.798	11755.663	8238.852	5046.030	5222.226	13275.678	10129.667	11326.745	7879.360	8173.633	3037.664	7836.495	8334.839	7009.165	7323.950	8664.614	19889.849	9602.395	9690.230	7343.410	17667.944	4849.060	9566.104	11973.146	5395.003	8842.913	6536.855	5394.477	11843.497	8121.563	4457.222	6363.552	4845.378	6767.487	1556.043	18304.352	10439.718	3655.137	5778.425	19994.777	8212.028	6316.742	5758.439	5488.360	7969.036	6320.687	11482.691	3624.632	7414.677	5198.032	6003.535	7188.516	10954.104	4584.240	8946.790	5750.813	5313.742	3939.417	10416.839	8497.623	9206.349	8264.827	485.472
49	11243.118	16552.389	10629.326	7292.918	3906.019	4570.828	13279.360	10061.029	12024.427	8612.807	7737.089	2841.219	7052.819	8164.692	6959.725	9493.522	9914.813	18686.985	9206.086	9146.127	6639.417	12985.876	4995.013	10710.849	12498.840	5404.996	8142.602	7623.219	4727.038	12501.206	8848.173	4083.266	6627.583	4648.407	6520.025	1503.448	17494.378	7809.145	3244.102	5443.391	18010.079	8486.052	6129.502	5654.826	5231.956	7159.325	5789.733	10583.305	3391.896	6384.854	4790.415	6001.694	7029.940	10425.781	5594.078	7409.944	5254.046	5434.976	4174.783	10441.296	9317.852	9533.758	8097.683	465.408
50	8336.943	12855.438	9850.647	7313.694	4412.252	4998.694	12362.617	9210.031	11421.154	7729.463	6941.579	2701.052	5389.217	8863.689	8038.199	7802.833	8799.259	18444.519	8990.181	8725.099	5532.015	12597.457	4400.155	9733.358	8283.032	4382.273	7886.461	6319.635	4644.725	9921.914	7702.639	4306.009	6299.386	4515.340	5903.866	1608.376	17243.760	12131.985	5158.848	5160.426	12755.507	9422.255	5652.985	5655.089	4579.244	7088.847	5426.034	10466.805	3190.717	5558.312	5207.236	5295.597	6926.326	10171.217	3855.527	8400.846	4968.978	6176.838	3726.931	12027.582	10646.945	12860.698	7693.205	425.720
51	8393.483	12985.350	10979.087	9598.450	6091.370	5145.173	14015.436	9903.242	11863.484	7981.922	7266.094	2935.365	5685.068	7986.918	6822.976	8104.733	8950.997	19204.264	9054.085	9108.784	6317.531	12936.962	5102.571	12353.676	8688.282	4567.936	8884.201	7789.948	4636.310	11709.378	9318.904	4082.477	6049.819	4697.847	7000.749	1758.537	21064.837	13712.748	5687.172	6611.541	13001.391	8952.049	5745.816	8403.213	5517.025	8138.131	5303.486	10879.944	3262.248	5640.888	4861.157	5695.324	6699.376	9841.968	4999.483	21948.707	5126.765	5056.550	4518.496	12132.248	10423.677	13186.528	8457.777	512.687
52	7354.192	13477.119	13060.562	8208.346	4221.856	5404.996	13576.262	9657.358	11743.303	8141.287	7824.398	2693.951	7266.094	10009.486	5965.140	7626.901	8984.659	18178.122	9415.943	8439.504	6422.460	12386.285	4710.207	11516.878	11790.376	4404.100	7679.234	6505.824	4802.775	10019.742	8250.160	4568.199	6643.362	4508.240	6581.825	1825.070	26113.234	12636.377	4226.064	6395.899	11493.999	9661.828	5733.719	6774.851	6142.914	7885.146	5572.250	10083.120	2969.290	5901.762	5783.685	5641.940	7155.118	10004.226	4248.943	15335.588	5536.222	5706.632	4099.571	16891.106	9756.763	16070.613	8414.275	535.254
53	9046.985	14428.838	11763.552	7396.006	5331.888	5946.469	13858.175	9661.039	12069.922	7750.238	7312.116	2838.063	5722.411	11321.485	5553.316	7814.142	8930.748	18878.697	9686.285	9516.664	5900.184	11389.860	5059.442	10396.590	10063.659	4737.557	7008.113	6456.121	5278.503	13802.950	9641.053	4452.751	6127.661	4354.923	7315.797	2477.520	26377.527	10812.359	4539.271	5478.104	17671.889	13928.127	5735.034	6200.243	5563.572	8654.621	5841.540	11206.827	3096.045	5791.048	5088.633	6022.732	7107.781	10598.557	5574.354	10633.534	5690.328	9866.425	4428.820	26165.304	8604.655	11020.901	8725.612	594.986
54	8718.261	14922.186	10832.345	7625.849	5462.588	5330.836	13422.420	9570.049	12128.303	7551.952	7985.341	3018.467	5622.742	9833.816	5599.600	7928.800	9184.259	18158.136	9489.051	9341.257	6928.956	9862.744	5075.747	12650.315	8693.279	4533.748	7701.324	7560.630	4998.694	11398.538	8538.647	4161.108	5992.753	4433.291	6928.167	1887.133	28805.081	11515.826	6355.926	5583.032	14731.527	10684.551	5740.294	6028.781	4723.356	8099.473	5265.880	10482.321	3017.415	5231.693	4906.915	5992.753	6979.185	10227.232	4885.877	13686.976	5917.278	4500.876	4499.824	22630.347	8068.442	10454.971	8420.761	576.511
55	8805.307	12871.743	10468.383	7548.007	4769.114	4633.943	12469.912	9379.389	11369.610	6683.334	6976.818	2570.088	5259.832	8558.634	7734.459	8288.029	9165.851	18882.378	9304.703	8342.202	5808.931	8786.899	4791.467	10978.035	8580.461	4415.145	8224.651	5964.088	4131.391	10246.692	7763.124	3977.286	6275.718	4172.942	7217.706	1743.284	19359.158	11509.778	4320.736	4548.475	10913.869	9215.291	6191.565	5869.942	5544.112	7497.516	5563.046	10455.497	3309.847	6077.695	5220.122	6217.073	6621.797	9936.378	3461.585	9289.714	5027.359	5810.246	4961.351	11297.817	8624.641	9196.619	7632.271	419.863
56	7133.290	13340.634	10025.790	7742.611	4568.462	5169.893	12664.516	8925.751	11177.373	6751.183	6247.842	2621.106	5502.298	8556.793	8911.288	7460.436	8993.863	20132.315	9154.017	8164.955	6190.513	13507.888	4626.843	11832.978	8298.285	3815.554	7723.414	7109.622	4501.402	10025.001	7143.810	4916.645	6415.622	4965.033	5775.796	1284.124	17411.014	10808.151	3284.601	4191.088	12062.821	9346.254	5726.356	6482.945	4553.735	6941.316	6054.553	10143.605	3166.261	5107.304	5125.450	5585.662	7071.227	9976.087	3539.690	7964.302	6009.846	5483.627	4003.058	11269.415	10943.585	9025.946	7623.465	436.363
